opis,cena
"Našla sem majhno črno mucko, ki išče dom. Je zelo vajena ljudi, se rada crklja in to pokaže s predenjem kadarkoli jo kdo poboža. :) Je že prejela vsa osnovna",Podarim
"Podarimo dva meseca stare mucke. Imamo enega mačka (črn) in tri mucke (sivo bele). Nahajamo se v Zgornji Kungoti / Jurij ob Pesnici, mucke pa lahko pripeljemo","1,00 €"
Oddamo mlado muco. Je zelo prijazna in igriva. Črnomelj 051343785 Nika,Podarim
"Igriv, prijazen štiri mesece star muc išče nov dom. Muc je veterinarsko pregledan in kastriran.",Po dogovoru
Danes je naša siamka dobila mladička. Za oddajo bo čez cca. 8 tedov.,"360,00 €"
Podarim mlade mucke. So udomačeni in igrivi. V prihajajočih dneh so odlično razvedrilo za kratkočasenje. :) Pokličite me na 031 399 157,Podarim
"Želel bi imeti malega, dolgodlakega oranžnega mucka. Če kdo ve za kakšnega bi prosil da mi javite! 051-380-087 Teodor",Kupim
"ODDAMO, MLADE MUCE PRIMERNE ZA ODDAT! RAZLIČNIH BARV, JEDO ŽE SAME, ...! NAŠ NASLOV JE:SELCE 12. 6257 PIVKA! GSM:MARTA:040303689",Podarim
"Fani je mlada odrasla muca, stara 1 - 2 leti, socializirana, crkljiva mucka, ki išče varen nov dom. Je testirana na mačje bolezni (negativna), cepljena,",Podarim
"Freja je po oceni stara okoli enega leta, nežna in prijazna muca, ki je očitno nekoč imela dom, saj je zelo srečna v človekovi bližini in vajena naročja.",Podarim
"Iščem BELEGA mucka, če ga ima , kdo, da ga podari za simbolično ceno najbolje , da je Mladič pogoj je, daje BEL. Kličite samo resni na tel.št.040 721 892.",Po dogovoru
"Mala Žana je nežna, prijazna, cartasta mala muca. Ko stopiclja s svojimi drobnimi tačkami in spotoma dela zvezdice, viha svoj tanek repek in ljubko prede,",Po dogovoru
"Simpatični Žan je bil skoten ocenjeno sredi junija. Je razglistan, razbolhan, testiran na Fiv in Felv (oboje neg.), cepljen, čipiran in kastriran. Žan",Po dogovoru
"Mun je mali mačkon, star 4 mesece. Karakterno je prijazen, igriv, družaben, sproščen in crkljiv mačji mladiček. Rad ima družbo muc, zato bo v nov dom odšel",Po dogovoru
"Brin je mali zlati mačkonček, star 4-5 mesece. Karakterno je pravi faconar, neverjetno prijazen, igriv, družaben, sproščen in crkljiv mačji mladiček. Nikogar",Po dogovoru
"Jack in Jill sta prekrasen mačji parček, stara 5-6 mesecev, ki išče dom. Karakterno sta živahna, igriva, zelo prijazna, predoča, z vsemi združljiva mačja",Po dogovoru
"Arya je mala mačkonka, stara 4 mesece. Karakterno je prijazna, igriva, rahlo zadržana, nežna mačja mladička. Rada ima družbo muc, zato bo v nov dom odšla",Po dogovoru
"Alvin je mali mačkon, star 4 mesece. Karakterno je zelo prijazen, zgovoren, igriv, družaben, ekstra sproščen in crkljiv mačji mladiček. Nonstop leze v",Po dogovoru
"Mica je mlada odrasla muca, ocenjeno stara 3 leta, ki ji življenje ni prizaneslo. K najditeljici se je zatekla shirana in vsa šibka, s slabo dlako, kar",Podarim
"Loki in Lola sta mačja mladiča, ki sta pri meni že od svojega 5.tedna. Temu primerno sta zelo razvajena in zelo scartana. Sta tudi zelo živahna in radovedna",Po dogovoru
"Mali Jakec je bil skoten ocenjeno v začetku julija. Je razglistan, razbolhan, testiran na Fiv in Felv (oboje neg.) in cepljen, pred oddajo bo še kastriran",Po dogovoru
"Našla sem majhno črno mucko, ki išče dom. Je zelo vajena ljudi, se rada crklja in to pokaže s predenjem kadarkoli jo kdo poboža. :) Je že prejela vsa osnovna",Podarim
"Podarimo dva meseca stare mucke. Imamo enega mačka (črn) in tri mucke (sivo bele). Nahajamo se v Zgornji Kungoti / Jurij ob Pesnici, mucke pa lahko pripeljemo","1,00 €"
Oddamo mlado muco. Je zelo prijazna in igriva. Črnomelj 051343785 Nika,Podarim
"Igriv, prijazen štiri mesece star muc išče nov dom. Muc je veterinarsko pregledan in kastriran.",Po dogovoru
Danes je naša siamka dobila mladička. Za oddajo bo čez cca. 8 tedov.,"360,00 €"
Podarim mlade mucke. So udomačeni in igrivi. V prihajajočih dneh so odlično razvedrilo za kratkočasenje. :) Pokličite me na 031 399 157,Podarim
"Želel bi imeti malega, dolgodlakega oranžnega mucka. Če kdo ve za kakšnega bi prosil da mi javite! 051-380-087 Teodor",Kupim
"ODDAMO, MLADE MUCE PRIMERNE ZA ODDAT! RAZLIČNIH BARV, JEDO ŽE SAME, ...! NAŠ NASLOV JE:SELCE 12. 6257 PIVKA! GSM:MARTA:040303689",Podarim
"Fani je mlada odrasla muca, stara 1 - 2 leti, socializirana, crkljiva mucka, ki išče varen nov dom. Je testirana na mačje bolezni (negativna), cepljena,",Podarim
"Freja je po oceni stara okoli enega leta, nežna in prijazna muca, ki je očitno nekoč imela dom, saj je zelo srečna v človekovi bližini in vajena naročja.",Podarim
"Iščem BELEGA mucka, če ga ima , kdo, da ga podari za simbolično ceno najbolje , da je Mladič pogoj je, daje BEL. Kličite samo resni na tel.št.040 721 892.",Po dogovoru
"Mala Žana je nežna, prijazna, cartasta mala muca. Ko stopiclja s svojimi drobnimi tačkami in spotoma dela zvezdice, viha svoj tanek repek in ljubko prede,",Po dogovoru
"Simpatični Žan je bil skoten ocenjeno sredi junija. Je razglistan, razbolhan, testiran na Fiv in Felv (oboje neg.), cepljen, čipiran in kastriran. Žan",Po dogovoru
"Mun je mali mačkon, star 4 mesece. Karakterno je prijazen, igriv, družaben, sproščen in crkljiv mačji mladiček. Rad ima družbo muc, zato bo v nov dom odšel",Po dogovoru
"Brin je mali zlati mačkonček, star 4-5 mesece. Karakterno je pravi faconar, neverjetno prijazen, igriv, družaben, sproščen in crkljiv mačji mladiček. Nikogar",Po dogovoru
"Jack in Jill sta prekrasen mačji parček, stara 5-6 mesecev, ki išče dom. Karakterno sta živahna, igriva, zelo prijazna, predoča, z vsemi združljiva mačja",Po dogovoru
"Arya je mala mačkonka, stara 4 mesece. Karakterno je prijazna, igriva, rahlo zadržana, nežna mačja mladička. Rada ima družbo muc, zato bo v nov dom odšla",Po dogovoru
"Alvin je mali mačkon, star 4 mesece. Karakterno je zelo prijazen, zgovoren, igriv, družaben, ekstra sproščen in crkljiv mačji mladiček. Nonstop leze v",Po dogovoru
"Mica je mlada odrasla muca, ocenjeno stara 3 leta, ki ji življenje ni prizaneslo. K najditeljici se je zatekla shirana in vsa šibka, s slabo dlako, kar",Podarim
"Loki in Lola sta mačja mladiča, ki sta pri meni že od svojega 5.tedna. Temu primerno sta zelo razvajena in zelo scartana. Sta tudi zelo živahna in radovedna",Po dogovoru
"Mali Jakec je bil skoten ocenjeno v začetku julija. Je razglistan, razbolhan, testiran na Fiv in Felv (oboje neg.) in cepljen, pred oddajo bo še kastriran",Po dogovoru
